{
  "partial": false,
  "workload": "results/qwentrace_morspec_qwen_16_4096.json",
  "model": "/mnt/models/Qwen3-235B-A22B-Instruct-2507",
  "reference_config": "4. vLLM graph max512 CP FULL_AND_PIECEWISE",
  "planner": {
    "mode": "hybrid",
    "note": "vLLM default small graphs plus explicit latency-calibrated long graphs",
    "bucket_sizes": [
      1,
      2,
      4,
      8,
      16,
      24,
      32,
      40,
      48,
      56,
      64,
      72,
      80,
      88,
      96,
      104,
      112,
      120,
      128,
      136,
      144,
      152,
      160,
      168,
      176,
      184,
      192,
      200,
      208,
      216,
      224,
      232,
      240,
      248,
      256,
      272,
      288,
      304,
      320,
      336,
      352,
      368,
      384,
      400,
      416,
      432,
      448,
      464,
      480,
      496,
      512,
      768,
      832,
      896,
      3072
    ],
    "dp_candidate_bucket_sizes": [
      80,
      88,
      96,
      208,
      416,
      496,
      768,
      832,
      896,
      2880,
      3072
    ],
    "explicit_extra_capture_sizes": [
      768,
      832,
      896,
      3072
    ],
    "max_extra_capture_size": 0,
    "max_num_seqs": null,
    "template_scheduler": false,
    "template_scheduler_max_wait_ms": 0.0,
    "template_scheduler_max_scan": 16,
    "batch_mode": false,
    "allow_batch_extra_capture": true,
    "fixed_metadata_arena": true,
    "fixed_metadata_arena_max_reqs": 8,
    "full_key_collapse": true,
    "runtime_capture_bucket_sizes": [
      1,
      2,
      4,
      8,
      16,
      24,
      32,
      40,
      48,
      56,
      64,
      72,
      80,
      88,
      96,
      104,
      112,
      120,
      128,
      136,
      144,
      152,
      160,
      168,
      176,
      184,
      192,
      200,
      208,
      216,
      224,
      232,
      240,
      248,
      256,
      272,
      288,
      304,
      320,
      336,
      352,
      368,
      384,
      400,
      416,
      432,
      448,
      464,
      480,
      496,
      512,
      768,
      832,
      896,
      3072
    ],
    "runtime_capture_note": "vLLM default small graphs plus explicit latency-calibrated long graphs",
    "dp_expected_hit_rate": 1.0,
    "dp_expected_padding_waste_pct": 2.1783035199076743,
    "dp_expected_fallback_count": 0,
    "dp_total_graph_memory_mb": 218.64000000000001,
    "dp_total_warmup_time_s": 0.6600000000000001
  },
  "workload_stats": {
    "n": 16,
    "p50": 751.0,
    "p95": 2877.5,
    "gt512": 10,
    "gt2048": 2
  },
  "lengths": [
    791,
    756,
    805,
    750,
    3023,
    494,
    409,
    93,
    83,
    745,
    2829,
    886,
    79,
    859,
    208,
    752
  ],
  "results": [
    {
      "config": "4. vLLM graph max512 CP FULL_AND_PIECEWISE",
      "init_s": 144.8319706292823,
      "avg_ms": 150.64328181324527,
      "p50_ms": 211.55290957540274,
      "p95_ms": 236.07219895347953,
      "p99_ms": 243.43962026759982,
      "batch_total_ms": null,
      "per_req": [
        {
          "tok": 791,
          "ms": 207.87008106708527,
          "output_token_ids": [
            566
          ],
          "output_text": " he",
          "config": "4. vLLM graph max512 CP FULL_AND_PIECEWISE"
        },
        {
          "tok": 756,
          "ms": 218.4022832661867,
          "output_token_ids": [
            8886
          ],
          "output_text": " Each",
          "config": "4. vLLM graph max512 CP FULL_AND_PIECEWISE"
        },
        {
          "tok": 805,
          "ms": 210.8263960108161,
          "output_token_ids": [
            11
          ],
          "output_text": ",",
          "config": "4. vLLM graph max512 CP FULL_AND_PIECEWISE"
        },
        {
          "tok": 750,
          "ms": 213.56781013309956,
          "output_token_ids": [
            3949
          ],
          "output_text": " received",
          "config": "4. vLLM graph max512 CP FULL_AND_PIECEWISE"
        },
        {
          "tok": 3023,
          "ms": 245.2814755961299,
          "output_token_ids": [
            1246
          ],
          "output_text": " how",
          "config": "4. vLLM graph max512 CP FULL_AND_PIECEWISE"
        },
        {
          "tok": 494,
          "ms": 42.89822559803724,
          "output_token_ids": [
            50122
          ],
          "output_text": " gallons",
          "config": "4. vLLM graph max512 CP FULL_AND_PIECEWISE"
        },
        {
          "tok": 409,
          "ms": 40.623500011861324,
          "output_token_ids": [
            23853
          ],
          "output_text": " containers",
          "config": "4. vLLM graph max512 CP FULL_AND_PIECEWISE"
        },
        {
          "tok": 93,
          "ms": 32.33664855360985,
          "output_token_ids": [
            448
          ],
          "output_text": " with",
          "config": "4. vLLM graph max512 CP FULL_AND_PIECEWISE"
        },
        {
          "tok": 83,
          "ms": 32.13218227028847,
          "output_token_ids": [
            1059
          ],
          "output_text": " her",
          "config": "4. vLLM graph max512 CP FULL_AND_PIECEWISE"
        },
        {
          "tok": 745,
          "ms": 219.4060143083334,
          "output_token_ids": [
            15
          ],
          "output_text": "0",
          "config": "4. vLLM graph max512 CP FULL_AND_PIECEWISE"
        },
        {
          "tok": 2829,
          "ms": 233.00244007259607,
          "output_token_ids": [
            17416
          ],
          "output_text": "inda",
          "config": "4. vLLM graph max512 CP FULL_AND_PIECEWISE"
        },
        {
          "tok": 886,
          "ms": 212.27942313998938,
          "output_token_ids": [
            323
          ],
          "output_text": " and",
          "config": "4. vLLM graph max512 CP FULL_AND_PIECEWISE"
        },
        {
          "tok": 79,
          "ms": 32.49272517859936,
          "output_token_ids": [
            22601
          ],
          "output_text": " pens",
          "config": "4. vLLM graph max512 CP FULL_AND_PIECEWISE"
        },
        {
          "tok": 859,
          "ms": 218.05384010076523,
          "output_token_ids": [
            1521
          ],
          "output_text": " did",
          "config": "4. vLLM graph max512 CP FULL_AND_PIECEWISE"
        },
        {
          "tok": 208,
          "ms": 35.786681808531284,
          "output_token_ids": [
            13
          ],
          "output_text": ".",
          "config": "4. vLLM graph max512 CP FULL_AND_PIECEWISE"
        },
        {
          "tok": 752,
          "ms": 215.33278189599514,
          "output_token_ids": [
            3701
          ],
          "output_text": " card",
          "config": "4. vLLM graph max512 CP FULL_AND_PIECEWISE"
        }
      ],
      "chunked": true,
      "eager": false,
      "capture_sizes": null,
      "runtime_policy": null,
      "runtime_base_capture_size": null,
      "cudagraph_mode": "FULL_AND_PIECEWISE",
      "max_num_seqs": null,
      "template_scheduler": false,
      "template_scheduler_max_wait_ms": 0.0,
      "template_scheduler_max_scan": 16,
      "batch_mode": false,
      "fixed_metadata_arena": false,
      "fixed_metadata_arena_max_reqs": 0,
      "fixed_metadata_arena_min_tokens": 0,
      "fixed_metadata_arena_max_tokens": 0,
      "full_key_collapse": false,
      "live_admission": false,
      "live_observations": null,
      "live_explore": false,
      "live_min_samples": 0,
      "live_min_useful_rate": 0.0,
      "live_min_saving_ms": 0.0,
      "live_max_p95_regression_ms": null,
      "live_capture": false,
      "live_shadow_graph_replay": false,
      "live_observation_source": "offline_shadow_baseline",
      "live_observation_template_id": "exact",
      "live_observation_trusted": false,
      "live_shadow_observations_written": 0,